frame,center_x,center_y,center_z,angle_deg
0,-7.6013416504839455,6.4976615110836615,50.0,49.47602701039193
1,-7.6013416504839455,6.4976615110836615,50.0,49.47602701039193
2,-7.6013416504839455,6.4976615110836615,50.0,49.47602701039193
3,-7.6013416504839455,6.4976615110836615,50.0,49.47602701039193
4,-7.401687327535856,8.255691396110139,50.0,51.27602701039192
5,-7.194333681104616,10.007547668987433,50.0,53.07602701039191
6,-6.979090592497726,11.753475217615454,50.0,54.8760270103919
7,-6.7557757289496205,13.493724780829165,50.0,56.67602701039194
8,-6.524214723562064,15.228552700949635,50.0,58.47602701039193
9,-6.35577572894962,15.493724780829165,40.056,56.67602701039194
10,-6.179090592497726,15.753475217615454,30.112,54.8760270103919
11,-5.9943336811046155,16.007547668987435,20.168000000000003,53.07602701039191
12,-5.8016873275358565,16.255691396110137,10.223999999999997,51.27602701039192
13,-5.6013416504839455,16.497661511083663,0.28000000000000114,49.47602701039193
14,-5.028524992252097,35.684784771794725,0.28,44.65631079536394
15,-4.406002684391029,54.82160245752769,0.28,39.83659458033593
16,-3.7381771976545695,73.90411614283043,0.28,35.01687836530793
17,-3.029771386367596,92.92871143953064,0.28,30.19716215027994
18,-2.2857950884534226,111.89218355764822,0.28,25.37744593525195
19,-1.511509695916391,130.79175996963397,0.28,20.557729720223957
20,-0.7123909463368472,149.62512001765327,0.28,15.738013505195966
21,-0.3326574533923572,149.70583255507347,0.28,13.931739667241192
22,0.04946869767082074,149.7768997257789,0.28,12.125465829286444
23,0.43368229405019876,149.8382509053363,0.28,10.319191991331671
24,0.8196760485024175,149.88982512477457,0.28,8.512918153376923
25,1.1479408959132893,123.93341632172391,0.28,6.615501784052317
26,1.477469068325294,97.9661147327551,0.28,4.718085414727686
27,1.80789921172689,71.98788450144379,0.28,2.8206690454030814
28,2.1388689830231833,45.99870175549646,0.28,0.9232526760784506
29,2.4700154473740925,19.99855463292841,0.28,-0.9741636932461547
30,2.7839937457183406,19.988280635530096,0.34400000000000003,-2.77416369324617
31,3.0974944006688334,19.96814941104425,0.40800000000000003,-4.57416369324616
32,3.410208024928532,19.93818082655897,0.472,-6.37416369324615
33,3.72182600790467,19.898404457448983,0.536,-8.174163693246165
34,4.032040820270135,19.848859558188344,0.6,-9.974163693246155
35,26.93284787147808,40.89063436376327,0.6,-9.923596346910264
36,49.83365358032917,61.93240149663832,0.6,-9.873029000574371
37,72.73445795359558,82.97416095563176,0.6,-9.822461654238506
38,95.63526099805058,104.01591273956784,0.6,-9.771894307902615
39,95.30334294863458,104.06735344779369,0.6,-7.847350091050146
40,94.96988457749498,104.10761823026942,0.6,-5.922805874197678
41,94.63526207815406,104.13666166198354,0.6,-3.998261657345235
42,94.29985295745394,104.15445097737422,0.6,-2.0737174404927665
43,93.96403560966942,104.16096610729403,0.6,-0.14917322364029836
44,94.52149493331272,104.14396216875525,0.52,-3.345079683920401
45,95.07713929578249,104.09590622325165,0.43999999999999995,-6.5409861442004775
46,95.62924036511455,104.01694774881682,0.36,-9.73689260448058
47,96.17608083075916,103.90733234581032,0.27999999999999997,-12.932799064760681
48,96.71595974527597,103.76740097297767,0.2,-16.128705525040786
49,97.41124364837596,103.41953380600764,0.2,-19.130711767094493
50,98.09753283885672,103.04573641852133,0.2,-22.1327180091482
51,98.77348167054673,102.64651545592841,0.2,-25.134724251201906
52,99.43777287739064,102.22244734110282,0.2,-28.136730493255612
53,100.08912118881369,101.7741766923345,0.2,-31.13873673530932
54,100.62509476405967,101.37175458744386,0.2,-32.53634359567899
55,101.15786832524547,100.96431649075693,0.2,-33.93395045604866
56,101.68732048218638,100.55194194417885,0.2,-35.33155731641834
57,102.21333182087079,100.13471342670968,0.2,-36.72916417678801
58,102.5078293857994,99.93445722580536,0.2,-35.71352827936476
59,102.80049280580332,99.73164981350322,0.2,-34.69789238194151
60,103.09136758992625,99.52625907991128,0.2,-33.68225648451825
61,103.38049980921845,99.31825372684186,0.2,-32.666620587095
62,103.5719206030794,99.21530149084595,0.2,-31.544932419527
63,103.76133634543277,99.10908306040677,0.2,-30.42324425195898
64,103.94881135919881,98.999559810723,0.2,-29.30155608439096
65,104.13441071108721,98.88669438357388,0.2,-28.179867916822964
66,104.34592432008412,98.7912084959212,0.2,-27.061230264547316
67,104.55570382064522,98.69232820139658,0.2,-25.942592612271696
68,104.76381581115099,98.59002029249824,0.2,-24.82395495999605
69,104.97032752558839,98.48425286823144,0.2,-23.705317307720428
70,105.1743313528597,98.40963113433253,0.2,-22.58838336727988
71,105.37687552767163,98.33150080573941,0.2,-21.471449426839335
72,105.57802872019231,98.24983409618608,0.2,-20.354515486398814
73,105.77786012917814,98.16460456326953,0.2,-19.237581545958268
74,105.98643612227514,98.10403820935117,0.2,-18.120627509859915
75,106.19383016847758,98.03986008816044,0.2,-17.003673473761562
76,106.40011289759948,97.97204784594284,0.2,-15.886719437663187
77,106.60535536178259,97.90058050999887,0.2,-14.769765401564834
78,106.94089923543456,97.8315827534536,0.2,-13.673568175575321
79,107.27557784665984,97.75902841808036,0.2,-12.577370949585834
80,107.60945939502238,97.68290160138187,0.2,-11.481173723596322
81,107.94261237183649,97.60318770850282,0.2,-10.384976497606836
82,108.11449269115401,97.58808259887532,0.2,-9.011010697976285
83,108.28547238375542,97.56729821987088,0.2,-7.637044898345761
84,108.45568788569811,97.54081460918358,0.2,-6.2630790987152105
85,108.62527607246733,97.50861508170101,0.2,-4.889113299084686
86,108.63906512292391,97.51043734620986,0.2,-3.0063431064288237
87,108.65228789902298,97.50147729195253,0.2,-1.1235729137729362
88,108.66529895551635,97.48172213512821,0.2,0.7591972788829261
89,108.67845307575324,97.45117074760104,0.2,2.641967471538788
90,108.69210488861441,97.40983365811829,0.2,4.52473766419465
91,112.29052700181879,97.35551524143779,0.2,7.4353437929580855
92,115.8922878887885,97.2756132620727,0.2,10.345949921721544
93,119.49868231980882,97.17033025909895,0.2,13.25655605048498
94,123.11099311038707,97.03993425591663,0.2,16.16716217924844
95,126.73048781152379,96.8847580687362,0.2,19.077768308011876
96,126.42173849597266,96.74174006910756,0.2,22.644122087872496
97,126.12790101318618,96.56297630460533,0.2,26.210475867733145
98,125.85117003028134,96.3494635814914,0.2,29.776829647593793
99,125.59367395848162,96.10233329365936,0.2,33.34318342745441
100,125.35746670947907,95.82284704058581,0.2,36.90953720731504
101,125.0613774956988,95.63697559635982,0.2,40.23535825922346
102,124.7870460965647,95.42538946099019,0.2,43.56117931113188
103,124.53592767743541,95.18939420031697,0.2,46.88700036304029
104,124.3093992118279,94.93037760118169,0.2,50.21282141494871
105,124.10875484314634,94.6498049967319,0.2,53.538642466857084
106,123.93520152542024,94.34921433051483,0.2,56.864463518765504
107,123.63382032293109,93.96805992198632,0.2,60.6666924762592
108,123.37081701005893,93.56533950079998,0.2,64.4689214337529
109,123.14753721372485,93.14364547828806,0.2,68.2711503912466
110,122.96515168913584,92.70565379177643,0.2,72.07337934874023
111,122.8246511658613,92.2541121245158,0.2,75.87560830623399
112,122.72684198642207,91.79182780977209,0.2,79.67783726372762
113,122.62549079283694,97.76491833214273,0.2,83.69476271129984
114,122.57297438916711,103.7326129251732,0.2,87.71168815887206
115,122.56955079897159,109.69834577798306,0.2,91.72861360644428
116,122.61523684303141,115.66556071811254,0.2,95.74553905401645
117,122.70980805670578,121.63769429131152,0.2,99.76246450158867
118,122.85279979277163,127.6181588771051,0.2,103.77938994916083
119,122.96129195274075,127.22393377247765,0.2,107.47702166400627
120,123.10949647153637,126.84221241884659,0.2,111.1746533788517
121,123.29652429918282,126.4755298790788,0.2,114.87228509369709
122,123.52132474756193,126.12635860298697,0.2,118.56991680854247
123,123.78268986487981,125.79709813345696,0.2,122.2675485233879
124,124.07925946488983,125.49006511611832,0.2,125.96518023823334
125,124.25174955986951,125.19519681658444,0.2,129.23951839067755
126,124.44952737705728,124.92098173962421,0.2,132.51385654312168
127,124.67137198656968,124.66883052461867,0.2,135.78819469556586
128,124.91598388037272,124.440081772372,0.2,139.06253284801005
129,125.18198921517956,124.23599767457596,0.2,142.3368710004542
130,125.467944298053,124.05775989275011,0.2,145.6112091528984
131,125.76573527601161,123.77544097112414,0.2,149.1570594181379
132,126.0831557324931,123.52599476635984,0.2,152.70290968337738
133,126.41813500167984,123.31057237733292,0.2,156.24875994861688
134,126.76853518946663,123.13019463426622,0.2,159.79461021385637
135,127.1321593589204,122.98574819022724,0.2,163.34046047909587
136,123.59789136956665,122.85681381956509,0.2,166.14350735455926
137,120.06935421361513,122.75111231114992,0.2,168.9465542300226
138,116.5454048803694,122.66889612203198,0.2,171.749601105486
139,113.02488938082367,122.61036151068643,0.2,174.5526479809493
140,109.50664550907052,122.57564806738199,0.2,177.35569485641273
141,109.20597207708818,122.52279474681612,0.2,179.56009058366536
142,108.90541228129018,122.48474162279783,0.2,-178.23551368908204
143,108.60439675583147,122.4614821136692,0.2,-176.03111796182935
144,108.30235680937565,122.45298774228631,0.2,-173.82672223457675
145,108.01394075071894,122.39081534872494,0.2,-172.45562164273068
146,107.72477286531081,122.33431966629082,0.2,-171.0845210508847
147,107.43471753643038,122.28348107999963,0.2,-169.71342045903864
148,107.14363965553186,122.2382767354549,0.2,-168.34231986719257
149,106.94720681919415,122.17870702886476,0.2,-167.15609468659486
150,106.74982117676177,122.12331628881333,0.2,-165.9698695059971
151,106.55139641923161,122.07208389465897,0.2,-164.78364432539934
152,106.35184668298707,122.02498744340534,0.2,-163.5974191448016
153,106.14434355404734,121.9470172471272,0.2,-162.41565996113852
154,105.93555525242694,121.87310227373013,0.2,-161.23390077747538
155,105.7253984160529,121.80321515510481,0.2,-160.0521415938123
156,105.51379026502676,121.73732680969319,0.2,-158.87038241014923
157,105.31827933182214,121.6488287630468,0.2,-157.7388989758223
158,105.12129106352036,121.56393980892857,0.2,-156.60741554149536
159,104.92275448005478,121.4826300709284,0.2,-155.4759321071684
160,104.72259920516333,121.40486827683061,0.2,-154.34444867284145
161,104.42568293951734,121.24094960288693,0.2,-153.2278712134466
162,104.12705603306009,121.08042151940806,0.2,-152.11129375405176
163,103.82665273912977,120.92325004779696,0.2,-150.9947162946569
164,103.5244079856802,120.76939993472178,0.2,-149.87813883526206
165,103.34787877512284,120.6479251811213,0.2,-148.74399356339347
166,103.16931659663626,120.52979986321958,0.2,-147.60984829152488
167,102.98865555218421,120.4149830857454,0.2,-146.47570301965632
168,102.80583056609166,120.30343265710104,0.2,-145.34155774778773
169,102.64327658704056,120.1738924818097,0.2,-144.17032565132578
170,102.4782765785158,120.04774011038407,0.2,-142.99909355486375
171,102.31076180338302,119.9249248371179,0.2,-141.82786145840174
172,102.14066457531557,119.80539456188197,0.2,-140.65662936193976
173,101.98043885108001,119.65938886198238,0.2,-139.44754892790658
174,101.8173180607217,119.51676657222578,0.2,-138.23846849387337
175,101.65123145592968,119.37746585089322,0.2,-137.02938805984022
176,101.48210960905892,119.24142337718388,0.2,-135.82030762580703
177,101.2599439293994,119.00276140744643,0.2,-134.54135234849238
178,101.03422699989227,118.76759428298308,0.2,-133.2623970711777
179,100.80488169985288,118.53584186879303,0.2,-131.98344179386308
180,100.57183271643271,118.30742232849569,0.2,-130.70448651654843
181,100.38597417138148,118.06036573329422,0.2,-129.32647861065072
182,100.19564133602047,117.81697475656492,0.2,-127.94847070475309
183,100.00074735187474,117.57714073841329,0.2,-126.57046279885544
184,99.80120799869205,117.34075296155771,0.2,-125.19245489295776
185,99.64661450034836,117.0861755147776,0.2,-123.75084176279057
186,99.48675754111548,116.83511511197878,0.2,-122.30922863262334
187,99.32155030433685,116.58743822053387,0.2,-120.86761550245612
188,99.15090936028108,116.3430091659267,0.2,-119.42600237228893
189,98.97350934661202,115.96555214300221,0.2,-117.96906566609378
190,98.79039885808227,115.5911274797916,0.2,-116.51212895989863
191,98.6015026412186,115.21958900372223,0.2,-115.05519225370347
192,98.40674918340159,114.85078867611179,0.2,-113.59825554750832
193,98.31512945316013,114.57022093862608,0.2,-112.14042654772703
194,98.21751348624736,114.2920929501693,0.2,-110.68259754794576
195,98.11384115344747,114.01625136976533,0.2,-109.22476854816453
196,98.00405624618116,113.74254137631362,0.2,-107.76693954838325
197,97.93807600928304,113.45164060338327,0.2,-106.32502766680818
198,97.86601810573475,113.16251994675349,0.2,-104.88311578523306
199,97.78783966615461,112.87502590766854,0.2,-103.441203903658
200,97.70350169729437,112.58900395723627,0.2,-101.99929202208294
201,97.66446770297681,112.28818370737699,0.2,-100.58864980810824
202,97.61947561130522,111.98847726354923,0.2,-99.17800759413353
203,97.56849980844822,111.68973761256669,0.2,-97.7673653801588
204,97.51151830748772,111.39181715523983,0.2,-96.35672316618408
205,97.50127634274897,111.0858402532445,0.2,-94.96176721677428
206,97.48512932565872,110.78037600608774,0.2,-93.56681126736441
207,97.46306652610109,110.47528050824481,0.2,-92.17185531795461
208,97.43508072040068,110.1704096356236,0.2,-90.77689936854479
209,97.4546683967676,109.86485048161985,0.2,-89.38205027837466
210,97.46833006186085,109.55922741158172,0.2,-87.98720118820454
211,97.47606902752659,109.25339619167745,0.2,-86.59235209803441
212,97.4778921156135,108.94721271143234,0.2,-85.19750300786428
213,97.52729306753622,108.64518580444614,0.2,-83.80177366385126
214,97.57079486896683,108.34251822940656,0.2,-82.40604431983826
215,97.6084148753122,108.03906648687305,0.2,-81.01031497582518
216,97.6401739321411,107.73468754271725,0.2,-79.61458563181222
217,97.71834690872413,107.43898629557137,0.2,-78.21887160725467
218,97.79071117305647,107.14207354180064,0.2,-76.8231575826972
219,97.85729795764478,106.84380815573665,0.2,-75.42744355813964
220,97.91814192318331,106.54404981432346,0.2,-74.03172953358218
221,98.02505776351958,106.25707392933809,0.2,-72.6365266830473
222,98.12631443803154,105.96832853058514,0.2,-71.24132383251249
223,98.2219567094467,105.67767635060008,0.2,-69.84612098197769
224,98.31203266947554,105.384981252518,0.2,-68.45091813144289
225,98.44632850503106,105.1098942290291,0.2,-67.05549180388627
226,98.57516234332046,104.83249496586606,0.2,-65.66006547632976
227,98.69859211270104,104.55265113614134,0.2,-64.26463914877324
228,98.81667894682487,104.2702318629037,0.2,-62.86921282121662
229,98.97840415881565,104.00674991091866,0.2,-61.490791845528115
230,99.13504358417461,103.74050554369676,0.2,-60.1123708698396
231,99.2866651463557,103.47137721865045,0.2,-58.733949894150996
232,99.43333967294483,103.19924506230774,0.2,-57.35552891846248
233,99.41558478770544,103.24568605029677,0.2,-54.56151146650031
234,99.37845921084241,103.27834141087865,0.2,-51.76749401453814
235,99.32265795661498,103.29628329831624,0.2,-48.97347656257596
236,99.24892044135703,103.29861884866816,0.2,-46.17945911061379
237,99.15802872548888,103.28449230260402,0.2,-43.385441658651615
238,99.11193096334817,103.25561536020994,0.2,-40.79943175966925
239,99.05252469813817,103.21132005947243,0.2,-38.21342186068668
240,98.98051914492898,103.15102163498153,0.2,-35.627411961704205
241,98.89664918060619,103.0741679159635,0.2,-33.04140206272174
242,98.80167384709775,102.98024045092406,0.2,-30.455392163739166
243,98.72175077029092,103.009310292738,0.2,-29.63349433106222
244,98.6408102614502,103.03659156559554,0.2,-28.811596498385274
245,98.55887808108,103.06206985913184,0.2,-27.989698665708328
246,98.47598019374145,103.08573113398178,0.2,-27.167800833031386
247,98.42054901431102,103.21501789609107,0.2,-26.3980632464258
248,98.36431540362409,103.3426880337076,0.2,-25.628325659820216
249,98.30730115190893,103.46873091281451,0.2,-24.858588073214634
250,98.24952819028536,103.59313619308563,0.2,-24.088850486608948
251,98.48703708463145,103.31179121561519,0.2,-23.36759121905919
252,98.7239174635261,103.02899156769433,0.2,-22.64633195150943
253,98.96018768818365,102.74472945281696,0.2,-21.925072683959673
254,99.19586621650618,102.45899730622594,0.2,-21.203813416410018
255,99.747233953358,102.11300520267923,0.2,-22.649848900452255
256,100.29614889498511,101.76113505680212,0.2,-24.095884384494596
257,100.84246348775716,101.40345063780757,0.2,-25.541919868536937
258,101.38603183427594,101.04001941817536,0.2,-26.987955352579174
259,101.92168274611522,100.7057520217291,0.2,-28.212516281243676
260,102.45517430139826,100.36745955388332,0.2,-29.437077209908182
261,102.98642097351856,100.02518908150088,0.2,-30.661638138572687
262,103.51533826126837,99.67898948848368,0.2,-31.88619906723719
263,103.69828736880739,99.57945325167272,0.2,-30.75404361427493
264,103.87923995405465,99.47656170152909,0.2,-29.62188816131267
265,104.05826270291102,99.37027604468025,0.2,-28.489732708350513
266,104.23542305475988,99.2605588129439,0.2,-27.35757725538825
267,104.53804590928965,99.12488859521896,0.2,-26.24143352252161
268,104.83899090509726,98.98581473379213,0.2,-25.12528978965487
269,105.13832466062365,98.84330519119597,0.2,-24.009146056788133
270,105.43611440573248,98.69732923371244,0.2,-22.89300232392139
271,105.63607110103055,98.6308002549615,0.2,-21.77774178126796
272,105.83462215042854,98.56075294744417,0.2,-20.662481238614426
273,106.03183630004119,98.48716061853497,0.2,-19.54722069596099
274,106.22778280249845,98.40999791872144,0.2,-18.431960153307458
275,106.43427829333865,98.3564619959168,0.2,-17.331685648297817
276,106.63967523850921,98.29940590674227,0.2,-16.231411143288177
277,106.84404143561301,98.23880920571621,0.2,-15.131136638278536
278,107.04744506235134,98.17465275299216,0.2,-14.030862133268897
279,107.27873528952463,98.13145622003066,0.2,-12.980741306054508
280,107.50927098694831,98.08498644043019,0.2,-11.930620478840018
281,107.73911227027055,98.03523013564978,0.2,-10.880499651625527
282,107.96831948839923,97.98217513112054,0.2,-9.83037882441114
283,108.13837325578453,97.96577758992098,0.2,-8.48568607880806
284,108.30761427422263,97.94393250928037,0.2,-7.140993333204981
285,108.47617060582505,97.91662231649546,0.2,-5.7963005876018
286,108.6441706898176,97.88383244895661,0.2,-4.451607841998822
287,108.62801536208129,97.8852725429651,0.2,-2.501270244819081
288,108.61135440483228,97.87513770583578,0.2,-0.5509326476393398
289,108.59458204338198,97.85341743469847,0.2,1.3994049495402994
290,108.57809263211428,97.82011464953169,0.2,3.3497425467199387
291,108.5622801975879,97.77524568977947,0.2,5.300080143899679
292,112.14020439309363,97.7111515394026,0.2,8.327988616819804
293,115.72217273010563,97.61943029158395,0.2,11.355897089739825
294,119.30963889165616,97.50033413702712,0.2,14.383805562659846
295,122.90404121001256,97.35419170135175,0.2,17.411714035579866
296,126.50679865063422,97.18140712752056,0.2,20.43962250849999
297,126.22706678290582,97.0500497914656,0.2,23.452791123799283
298,125.95833959204603,96.89332629625369,0.2,26.465959739098576
299,125.70193524808528,96.71185017718774,0.2,29.479128354397872
300,125.45913784788223,96.50630341158015,0.2,32.492296969697165
301,125.23119386454377,96.27743453305787,0.2,35.50546558499646
302,125.01930870087637,96.02605656183667,0.2,38.51863420029575
303,124.70699301537641,95.82130406370806,0.2,41.86548277175024
304,124.41744293400718,95.5911481136221,0.2,45.21233134320462
305,124.15210268958751,95.33696110243464,0.2,48.5591799146591
306,123.91233393106576,95.06019739503714,0.2,51.906028486113584
307,123.69941107870373,94.76238836927078,0.2,55.252877057568064
308,123.51451697681264,94.44513719213613,0.2,58.59972562902255
309,123.2053866025735,93.98477569859067,0.2,62.46905781601618
310,122.93668294367112,93.50334163280958,0.2,66.3383900030097
311,122.70973585293653,93.00361107478565,0.2,70.20772219000324
312,122.52568481846349,92.48844351670498,0.2,74.07705437699687
313,122.38547376877659,91.96076882675898,0.2,77.9463865639905
314,122.28984676953924,91.42357389211779,0.2,81.81571875098403
315,122.21415225611395,97.38941225245688,0.2,85.85535913995218
316,122.18801679218123,103.35165936244036,0.2,89.89499952892045
317,122.21157024224112,109.31381541222252,0.2,93.9346399178887
318,122.28469557156167,115.27938104442663,0.2,97.97428030685695
319,122.40702942771279,121.25183995980277,0.2,102.0139206958251
320,122.57796394602808,127.23464160706793,0.2,106.05356108479336
321,122.70722232227311,126.83957762618734,0.2,109.68460244917475
322,122.87428317739968,126.45803743207962,0.2,113.31564381355624
323,123.07821414748814,126.09238795353059,0.2,116.94668517793764
324,123.31793483980357,125.74493232012709,0.2,120.57772654231903
325,123.59222117043522,125.41790061548524,0.2,124.20876790670052
326,123.89971027883725,125.1134409237487,0.2,127.8398092710819
327,124.08289326458133,124.81531675303347,0.2,131.04500637591886
328,124.28967201385953,124.53773662948107,0.2,134.25020348075572
329,124.51886095553964,124.28198770395129,0.2,137.45540058559257
330,124.76920440581326,124.04928882607338,0.2,140.6605976904295
331,125.03938049673671,123.84078673094527,0.2,143.86579479526648
332,125.32800531183574,123.6575524514506,0.2,147.0709919001033
333,125.68507608029003,123.3759984615387,0.2,150.48888513691548
334,126.05967074320544,123.12540383547065,0.2,153.90677837372766
335,126.44991239112467,122.90675824611722,0.2,157.32467161053984
336,126.85386845069486,122.72093770816925,0.2,160.742564847352
337,127.26955755976628,122.56870146172942,0.2,164.1604580841642
338,123.69363114897476,122.45693361904442,0.2,166.70193415454736
339,120.12222970390437,122.36431061512069,0.2,169.24341022493041
340,116.55449984216538,122.29101426744718,0.2,171.78488629531356
341,112.98958095851187,122.23718837349654,0.2,174.32636236569664
342,109.42660691785194,122.20293842784227,0.2,176.86783843607978
343,109.35365897526341,122.17634021918879,0.2,178.69588688284844
344,109.28094269127484,122.15991809702962,0.2,-179.4760646703829
345,109.20813333030372,122.15367427230775,0.2,-177.64801622361426
346,109.13490625150801,122.1576005957591,0.2,-175.8199677768456
347,108.92572706713042,122.12984279291612,0.2,-174.70994778646008
348,108.71620184548824,122.1058222131292,0.2,-173.59992779607455
349,108.50625825294381,122.08553145153454,0.2,-172.48990780568892
350,108.29582411288273,122.06896170338956,0.2,-171.3798878153034
351,108.07692716307822,122.0246972723525,0.2,-170.33468032847887
352,107.8574715121167,121.98371333232548,0.2,-169.28947284165432
353,107.63739741253694,121.94599914604393,0.2,-168.24426535482976
354,107.41664532268058,121.91154288815854,0.2,-167.1990578680052
355,107.20117470234833,121.85080190344154,0.2,-166.08291612289304
356,106.98479138562841,121.79374424372621,0.2,-164.96677437778098
357,106.76742379777612,121.74035143163417,0.2,-163.8506326326688
358,106.5490007375499,121.69060359908003,0.2,-162.73449088755663
359,106.23884669465077,121.57427704677727,0.2,-161.61294362008056
360,105.92748404377564,121.46158644632425,0.2,-160.4913963526045
361,105.61484184837302,121.3525074445333,0.2,-159.36984908512832
362,105.30084966215699,121.24701430440965,0.2,-158.24830181765228
363,105.11559978175623,121.15545347160938,0.2,-157.11019832527137
364,104.92881525297807,121.06752746510861,0.2,-155.97209483289058
365,104.74042418239061,120.98320508612532,0.2,-154.8339913405097
366,104.55035531042573,120.90245371405993,0.2,-153.6958878481288
367,104.36167311762044,120.79283858363065,0.2,-152.54722772649748
368,104.17113807375299,120.68678992148233,0.2,-151.3985676048662
369,103.9786790557443,120.58426986763777,0.2,-150.24990748323498
370,103.78422571376998,120.48523914395491,0.2,-149.10124736160367
371,103.61492481819862,120.36988598479735,0.2,-147.9528149151512
372,103.44349219036839,120.25793806694733,0.2,-146.80438246869875
373,103.26986000864686,120.1493519809589,0.2,-145.6559500222463
374,103.09396133506266,120.04408296678496,0.2,-144.50751757579383
375,102.84417754564866,119.84395324152294,0.2,-143.3219634663782
376,102.59183642240285,119.64725718900071,0.2,-142.1364093569625
377,102.33686746889124,119.45394116205614,0.2,-140.95085524754688
378,102.07920131374931,119.26395006641565,0.2,-139.76530113813126
379,101.94531730124008,119.133277116352,0.2,-138.51440489979734
380,101.80827594994648,119.00617469702797,0.2,-137.26350866146342
381,101.66800006575174,118.88257303117618,0.2,-136.01261242312958
382,101.52441399620992,118.7624006729702,0.2,-134.76171618479566
383,101.31683753656938,118.52806217052449,0.2,-133.4596670350789
384,101.10551270289966,118.29727573073446,0.2,-132.15761788536204
385,100.89035974920611,118.06995526181205,0.2,-130.8555687356452
386,100.67130090635598,117.8460128821231,0.2,-129.55351958592843
387,100.49326924140605,117.59733236083176,0.2,-128.2097243734743
388,100.3109155595691,117.35205411940365,0.2,-126.86592916102009
389,100.12416126093574,117.11007586434681,0.2,-125.52213394856597
390,99.9329301661494,116.87129348701669,0.2,-124.17833873611185
391,99.78417829405501,116.61196285024894,0.2,-122.79458150393738
392,99.6305235333096,116.35579125340021,0.2,-121.4108242717628
393,99.47189102677892,116.10265937647799,0.2,-120.02706703958823
394,99.30820882059021,115.85244612657846,0.2,-118.64330980741376
395,99.18707288334096,115.58277597417958,0.2,-117.24184676157894
396,99.06061784380582,115.31584438185257,0.2,-115.84038371574403
397,98.92877831421563,115.05152043736271,0.2,-114.4389206699091
398,98.7914921281739,114.78967166840074,0.2,-113.03745762407428
399,98.69296552911129,114.4964523196596,0.2,-111.63575913271058
400,98.58887587405617,114.20543955784282,0.2,-110.23406064134699
401,98.47917085055128,113.91649664022405,0.2,-108.83236214998338
402,98.36380150676814,113.62948558533755,0.2,-107.43066365861968
403,98.29826968834516,113.34118227574955,0.2,-106.02798142793146
404,98.22697773841855,113.05453370208072,0.2,-104.62529919724327
405,98.14988687679701,112.76939836634918,0.2,-103.22261696655515
406,98.0669617986358,112.48563386367428,0.2,-101.81993473586694
407,98.02961886137575,112.19206504606576,0.2,-100.41889487198038
408,97.98639543171794,111.89957750547568,0.2,-99.01785500809392
409,97.93726683008697,111.60802713872081,0.2,-97.61681514420735
410,97.88221190765461,111.31726928227457,0.2,-96.21577528032078
411,97.8734053840867,111.02097435968182,0.2,-94.81867086182964
412,97.85867433966565,110.72517887728357,0.2,-93.4215664433385
413,97.83800835843492,110.42973823697979,0.2,-92.02446202484737
414,97.81140055307544,110.13450762969782,0.2,-90.62735760635623
415,97.8316018994483,109.83801941818022,0.2,-89.23210230809846
416,97.84587397034517,109.54145173572039,0.2,-87.8368470098407
417,97.85422045880841,109.2446602316271,0.2,-86.44159171158303
418,97.8566485716371,108.94750068793114,0.2,-85.04633641332526
419,97.90542117574277,108.65480977589269,0.2,-83.65119254554459
420,97.9483012798934,108.361463244613,0.2,-82.25604867776401
421,97.98530659353492,108.06731782111042,0.2,-80.86090480998344
422,98.01645830919485,107.77223070605534,0.2,-79.46576094220276
423,98.0935327242043,107.48530192283587,0.2,-78.07066237447067
424,98.1648066989246,107.19714769285116,0.2,-76.67556380673858
425,98.23031178827695,106.90762715801989,0.2,-75.2804652390065
426,98.29008296725233,106.61660027027132,0.2,-73.88536667127441
427,98.39466548408731,106.33865608613176,0.2,-72.49039900738316
428,98.49359527260904,106.05892856215803,0.2,-71.0954313434918
429,98.58691742239719,105.77728061474627,0.2,-69.70046367960053
430,98.67468034688278,105.49357629859742,0.2,-68.30549601570927
431,98.80568083401663,105.22719242942104,0.2,-66.9104564614174
432,98.93122821845587,104.95848379099266,0.2,-65.51541690712553
433,99.05138071446015,104.6873183131624,0.2,-64.12037735283376
434,99.16619973436511,104.41356538218847,0.2,-62.725337798541894
435,99.32260884173478,104.1613537936574,0.2,-61.328614257886976
436,99.47380426424323,103.90629117935292,0.2,-59.93189071723196
437,99.61985704473513,103.6482513027351,0.2,-58.53516717657704
438,99.76084128196425,103.38710969644083,0.2,-57.13844363592212
439,99.95435630454914,103.13133843285279,0.2,-55.87959614311877
440,100.14387518678187,102.87285950292143,0.2,-54.62074865031541
441,100.32945837858661,102.6115857678814,0.2,-53.36190115751206
442,100.51116822967239,102.34743143803894,0.2,-52.1030536647087
443,100.3494467235514,102.55747678684943,0.2,-48.52210775350734
444,100.15846933339228,102.74165883344705,0.2,-44.94116184230588
445,99.9399085657638,102.898200792498,0.2,-41.36021593110451
446,99.69554463730938,103.02543381018982,0.2,-37.77927001990315
447,99.42725852319555,103.1218034809231,0.2,-34.19832410870169
448,99.13702461210968,103.18587591709554,0.2,-30.617378197500326
449,98.63430099170796,103.45753674682442,0.2,-27.22247429398859
450,98.11552189466711,103.69798711650623,0.2,-23.82757039047675
451,97.58256370487004,103.90633103083921,0.2,-20.432666486965015
452,97.03735257201052,104.08178518182909,0.2,-17.03776258345328
453,96.48185765118876,104.22368169804525,0.2,-13.642858679941442
454,95.91808419156666,104.33147048871737,0.2,-10.247954776429706
455,95.02822776518128,104.45138523259169,0.24444444444444446,-5.101638251657091
456,94.13120217109055,104.49099695969275,0.28888888888888886,0.0446782731155244
457,93.23423944496837,104.44998631076771,0.3333333333333333,5.1909947978881394
458,92.34457111563205,104.328683923513,0.37777777777777777,10.337311322660755
459,91.46936990272091,104.12806776689371,0.4222222222222222,15.483627847433473
460,90.61569188850883,103.8497552565232,0.4666666666666666,20.62994437220619
461,89.79041963007504,103.49599021467004,0.5111111111111111,25.776260896978805
462,89.00020667047671,103.0696247800243,0.5555555555555556,30.92257742175142
463,88.25142389628778,102.57409641307072,0.6,36.068893946524035
464,91.38348833858831,105.80624179777422,0.6,41.128588621842866
465,94.56681326839431,108.97968533563221,0.6,46.188283297161696
466,97.8063760688167,112.09917661393692,0.6,51.24797797248094
467,101.10671584466124,115.16988568584516,0.6,56.30767264779977
468,104.47189804784634,118.19736277862967,0.6,61.3673673231186
469,107.90548279413782,121.18749503912174,0.6,66.42706199843764
470,111.41049711811726,124.14646065344053,0.6,71.48675667375667
471,114.98941138260902,127.08068069856708,0.6,76.5464513490755
472,118.64412002641444,129.99676910099836,0.6,81.60614602439453
473,118.5536986728593,129.1146630605385,0.5555555555555556,86.68839094389006
474,118.54177472857509,128.22801493002268,0.5111111111111111,91.77063586338537
475,118.60844194999608,127.34379630921529,0.4666666666666667,96.85288078288089
476,118.75317614136843,126.46895969495961,0.4222222222222222,101.9351257023764
477,118.97483927643376,125.6103838145929,0.37777777777777777,107.0173706218717
478,119.27168844658263,124.77481953940132,0.33333333333333337,112.09961554136703
479,119.64138956512,123.96883680339091,0.28888888888888886,117.18186046086275
480,120.08103571988728,123.19877294474489,0.24444444444444446,122.26410538035806
481,120.58717002993762,122.47068287615149,0.2,127.34635029985337
482,118.33489943742215,121.91104109999219,0.2,131.49159520123186
483,116.12181910790143,121.38606169221643,0.2,135.6368401026099
484,113.9453209482859,120.89848684753905,0.2,139.78208500398839
485,111.80260546847848,120.45086306092698,0.2,143.92732990536646
486,109.69069642823777,120.04552780440018,0.2,148.07257480674474
487,107.60645640879318,119.68459729743623,0.2,152.21781970812302
488,105.54660322774225,119.36995543496218,0.2,156.3630646095013
489,106.04462207004367,119.0854689239968,0.2,160.62744884325696
490,106.56100732971888,118.85321654019258,0.2,164.89183307701245
491,107.09182409062011,118.67441938157549,0.2,169.15621731076791
492,107.63305753077911,118.55000256978222,0.2,173.42060154452338
493,108.18063515208658,118.4805901277517,0.2,177.68498577827907
494,108.73044932931833,118.46650152457057,0.2,-178.05062998796527
495,109.27838005365732,118.50774990660408,0.2,-173.78624575420977
496,109.10009748069,118.48084630087507,0.2,-172.88075700318223
497,108.9215053761864,118.456420976398,0.2,-171.97526825215488
498,108.74256461426799,118.43446873213452,0.2,-171.06977950112756
499,108.56323615613462,118.41498374938544,0.2,-170.1642907501
500,108.40877130185319,118.37752219135162,0.2,-169.13461687728577
501,108.2536976699285,118.34323228953437,0.2,-168.10494300447155
502,108.09795836326654,118.31210259190662,0.2,-167.07526913165754
503,107.94149669975661,118.28412062583656,0.2,-166.04559525884332
504,107.79292408736453,118.23630434280622,0.2,-164.9986141358684
505,107.6434871923401,118.19171329442312,0.2,-163.95163301289367
506,107.49312722668014,118.15033114984043,0.2,-162.90465188991874
507,107.3417857105973,118.1121405067485,0.2,-161.857670766944
508,107.19714321213199,118.05353196859946,0.2,-160.81227473149562
509,107.05140661384938,117.99806742573075,0.2,-159.76687869604746
510,106.90451873695211,117.94572639343262,0.2,-158.7214826605993
511,106.75642278589513,117.8964873472011,0.2,-157.6760866251509
512,106.6136592899288,117.82618178258517,0.2,-156.64724898553695
513,106.46961770683163,117.75883639812376,0.2,-155.61841134592296
514,106.3242450907239,117.69442776771848,0.2,-154.589573706309
515,106.17748892489217,117.63293151837041,0.2,-153.56073606669503
516,106.03239143087988,117.54821695133735,0.2,-152.58293813706058
517,105.88595290765556,117.46608760740052,0.2,-151.6051402074261
518,105.73812943375458,117.38652022549073,0.2,-150.62734227779166
519,105.58887749105733,117.3094907984077,0.2,-149.64954434815718
520,105.44124666470698,117.20766652903916,0.2,-148.7247699256829
521,105.29226342483202,117.10806875694604,0.2,-147.7999955032084
522,105.141892012684,117.01067536462948,0.2,-146.87522108073392
523,104.99009703114112,116.91546366033756,0.2,-145.9504466582596
524,104.9377667738039,116.87111138436386,0.2,-145.0611623722382
525,104.88405690845315,116.8287338761222,0.2,-144.17187808621694
526,104.82893695224055,116.78830948580526,0.2,-143.28259380019568
527,104.7723767620012,116.74981609310994,0.2,-142.39330951417426
528,104.71391104732726,116.69877171753959,0.2,-141.55660905970765
529,104.65411947589234,116.64939755690962,0.2,-140.71990860524107
530,104.5929777994864,116.60167407210037,0.2,-139.8832081507745
531,104.53046205780801,116.55558137198717,0.2,-139.0465076963079
532,104.38083883371765,116.41435750190846,0.2,-138.261348420244
533,104.2299654538501,116.27453487161159,0.2,-137.47618914418007
534,104.07782283413745,116.13609621841327,0.2,-136.69102986811615
535,103.92439212885748,115.99902401973841,0.2,-135.90587059205222
536,103.86460759078042,115.93176375330297,0.2,-135.1392826290028
537,103.80356035632319,115.86577233729943,0.2,-134.37269466595336
538,103.74123356244463,115.80103276443867,0.2,-133.6061067029039
539,103.67761057515482,115.7375278033418,0.2,-132.83951873985447
540,103.61729439520238,115.66413053633737,0.2,-132.09114553797113
541,103.55571221026692,115.59187683728409,0.2,-131.3427723360878
542,103.49284919196474,115.52075007308372,0.2,-130.59439913420422
543,103.42869073042522,115.45073341838012,0.2,-129.84602593232088
544,103.3681755152027,115.3701975132841,0.2,-129.1298663665664
545,103.30644838461068,115.29064755449187,0.2,-128.41370680081212
546,103.24349710995934,115.21206831723484,0.2,-127.69754723505764
547,103.17930965380872,115.13444442508704,0.2,-126.98138766930316
548,103.12056976390319,115.04880160776288,0.2,-126.2827022014754
549,103.06063118794025,114.96403875584814,0.2,-125.58401673364763
550,102.9994832846919,114.88014118706779,0.2,-124.88533126581987
551,102.93711559275783,114.79709409047875,0.2,-124.18664579799211
552,102.8826480039261,114.70845140961003,0.2,-123.48920462395492
553,102.82694468029379,114.62062630897282,0.2,-122.79176344991772
554,102.76999576154317,114.5336036862067,0.2,-122.09432227588073
555,102.71179157191825,114.44736832004705,0.2,-121.39688110184353
556,102.66185777396569,114.35621407759598,0.2,-120.6990454215613
557,102.61064846607196,114.2658171487843,0.2,-120.00120974127884
558,102.55815451934467,114.1761619427145,0.2,-119.30337406099659
559,102.50436699545368,114.08723275846262,0.2,-118.60553838071435
560,102.4589016139042,113.99399879382847,0.2,-117.90617902272415
561,102.4121196063458,113.90146212858846,0.2,-117.20681966473394
562,102.36401255974783,113.80960664029762,0.2,-116.50746030674354
563,102.31457225849395,113.71841610502392,0.2,-115.80810094875335
564,102.2736244571519,113.62276949898816,0.2,-115.11098598090862
565,102.23133623665234,113.5277511046068,0.2,-114.4138710130637
566,102.18770005297623,113.4333445669694,0.2,-113.71675604521879
567,102.14270856164732,113.33953344059054,0.2,-113.01964107737406
568,102.10631678303844,113.24195904319508,0.2,-112.32309685487118
569,102.06855785773165,113.14494599745093,0.2,-111.6265526323683
570,102.02942506257436,113.0484776418974,0.2,-110.93000840986541
571,101.98891187745893,112.95253723457374,0.2,-110.23346418736253
572,101.9585820928667,112.85612519850322,0.2,-109.51857736416196
573,101.92678500344654,112.76023329779815,0.2,-108.8036905409612
574,101.89351423378342,112.66484318469557,0.2,-108.08880371776063
575,101.8587636378801,112.569936433316,0.2,-107.37391689456007
576,101.83458620165027,112.47854658577765,0.2,-106.62283865646879
577,101.80876220016432,112.3876483154127,0.2,-105.8717604183773
578,101.78128533109687,112.2972199961283,0.2,-105.12068218028583
579,101.75214957614779,112.20723992107625,0.2,-104.36960394219454
580,101.7332983399192,112.11957398745619,0.2,-103.60150249666071
581,101.71270035076273,112.03233068633064,0.2,-102.83340105112688
582,101.69035010003869,111.94548656363048,0.2,-102.06529960559305
583,101.66624239401587,111.8590180935481,0.2,-101.29719816005922
584,101.633345113121,111.65275512130528,0.2,-100.52995083243488
585,101.59868487003139,111.44681984811278,0.2,-99.76270350481074
586,101.56225743472652,111.24118863748264,0.2,-98.99545617718661
587,101.52405889407159,111.03583779840358,0.2,-98.22820884956226
588,101.51810637398279,110.94640182754435,0.2,-97.46004714467091
589,101.51037163163673,110.85719922651302,0.2,-96.69188543977955
590,101.5008516985209,110.76820608088566,0.2,-95.9237237348882
591,101.48954392699946,110.67939843859008,0.2,-95.15556202999684
592,101.48670975757275,110.58467954579532,0.2,-94.40505794359746
593,101.4821649039901,110.49009243488312,0.2,-93.65455385719805
594,101.47590778687615,110.39561468733521,0.2,-92.90404977079865
595,101.46793712063764,110.30122386586926,0.2,-92.15354568439925
596,101.46909216217858,110.19995976045865,0.2,-91.43993858879743
597,101.4686964948328,110.0987346351581,0.2,-90.72633149319562
598,101.46674975339651,109.99752917368481,0.2,-90.0127243975938
599,101.46325181326839,109.89632405670584,0.2,-89.29911730199197
